POPULATION,INCOME,AGE,UNEMPLOYMENT,BACHELORDEG,HOMEOWNERS,FEMALE,65PLUS,LATINO,WHITE,BLACK,VOTES_DIFF
4.384407182308992,37.44,40.7,6.5,12.40172,0.7840366,0.511605,0.22822350000000002,0.03383819999999999,0.6922791,0.1654356,-22.865513968555277
6.087550016301543,50.831,41.3,6.9,35.099768,0.6468518,0.529241,0.20888470000000003,0.015588399999999999,0.8061581999999999,0.130787,7.262610475514735
4.640898636248632,57.444,43.9,4.7,25.66093,0.7238773000000001,0.5113202,0.2089462,0.0112706,0.9621645000000001,0.004000699999999999,6.622925334918385
5.3176873404861835,53.545,43.6,7.4,25.032547,0.7585116999999999,0.5211644,0.22021849999999998,0.011384899999999998,0.9343229999999999,0.0319988,-5.751130786257338
4.131458260106525,37.304,38.0,4.6,18.196857,0.6324447,0.5088399,0.2093762,0.2591799,0.6342814999999999,0.0775028,-14.665681566309567
4.346978533769316,34.142,38.0,10.9,11.127218,0.7477026999999999,0.519742,0.1962144,0.0443055,0.7828354999999999,0.1578356,-19.66084922634041
4.645471394905607,50.026,42.5,8.0,19.398677,0.7878805,0.5022104000000001,0.20958310000000002,0.01484,0.9608641,0.0020586,-4.571881008935641
5.004097719044214,49.033,36.8,4.3,27.807519,0.6494873000000001,0.5066547,0.17890970000000003,0.0400602,0.8166383,0.0100349,-12.983912509410786
4.037983949447127,25.854,38.5,13.2,11.881188,0.6878505,0.45002359999999997,0.17314949999999998,0.07119299999999999,0.21916799999999997,0.6997434,25.728422210005498
3.6603910984024672,50.863,38.8,3.4,23.183508,0.7291302,0.5029258,0.2417616,0.1477596,0.8220765,0.006776000000000001,-24.918032786885245
5.670922750442565,70.295,38.4,8.7,29.032073999999998,0.6412371,0.5238576,0.1650604,0.1729162,0.6403878000000001,0.0945384,0.2355300492821027
3.7066324508732946,47.131,44.6,10.1,14.571746,0.806235,0.5032696,0.2575453,0.0078601,0.9827078000000001,0.001179,-7.074081351935547
3.791129000727286,53.302,42.4,4.6,22.39718,0.8417618,0.5131665,0.2309031,0.084924,0.8853122,0.005661600000000001,-34.90779682950502
4.815305398821112,35.883,38.2,8.4,14.492722,0.6839581,0.46234620000000004,0.1835881,0.0119035,0.9276610999999999,0.042213,-6.748879266818648
4.811085478582296,48.028,31.9,4.4,14.073885,0.6940997,0.48906980000000005,0.15297929999999998,0.5108069000000001,0.43019140000000006,0.0370634,-12.996122174672085
4.7671929836824685,36.075,37.8,9.5,11.023377,0.6910869000000001,0.5174287000000001,0.1900997,0.20611910000000003,0.5291684,0.250235,-4.1141782753610805
3.311541958401195,37.292,50.3,3.2,13.282732000000001,0.7058824,0.5111247999999999,0.34301609999999993,0.0073206,0.9868228000000001,0.0014640999999999999,-30.01464128843338
3.5560611590095323,38.87,45.3,7.4,16.028425,0.78,0.45302709999999996,0.3041058,0.5569761,0.4157865,0.010839399999999999,-9.949972206781545
4.318397279217511,50.372,42.3,3.6,17.637506,0.7469769,0.5200127999999999,0.2476982,0.0159973,0.9665161,0.0039393,-3.1946579554189087
4.782329268996837,45.37,37.4,3.6,21.570746,0.674333,0.5115927,0.2037167,0.0883625,0.8046220000000001,0.029135,-17.24001320567844
5.830947759347384,72.395,35.4,9.1,32.104422,0.8320533000000001,0.5097752000000001,0.1306975,0.15617360000000002,0.6723788,0.1098338,1.3513194403447666
3.7262380468026377,42.057,41.5,4.3,17.021276999999998,0.6709678000000001,0.43141440000000003,0.175077,0.024229900000000002,0.9040195,0.0052591999999999995,-16.115702479338843
4.29703790937936,44.363,41.7,9.1,15.641692,0.7875821,0.4791931,0.2116214,0.018267099999999998,0.9192108,0.04657619999999999,-13.735681485593178
3.7846885995014214,48.266,42.7,5.3,20.226575,0.8131108,0.493395,0.2346984,0.019865400000000002,0.9568216,0.0080447,-28.107043178460025
4.043283665570575,44.384,40.9,9.4,12.345514999999999,0.819968,0.5048521,0.21751479999999998,0.006788600000000001,0.9789101999999998,0.003168,-16.889934829833454
5.230045095288004,55.492,40.3,9.9,23.239178,0.7859914000000001,0.5129731,0.167876,0.1312279,0.7050141,0.1204708,4.905147136750627
4.723841357826771,34.31,35.8,8.9,14.658922,0.599934,0.536301,0.17035079999999997,0.0367537,0.5211060000000001,0.41411220000000004,4.190983436266455
5.438651501986925,88.429,35.6,5.7,55.035455000000006,0.8006411,0.5211005,0.12361780000000001,0.0343302,0.8643255,0.0342173,-17.098070066176444
5.346233624884311,58.151,36.2,6.5,30.555877000000002,0.708073,0.5197301999999999,0.1515983,0.059029700000000004,0.8408211,0.050554400000000006,-4.001549975443703
5.317283828890061,99.255,33.4,3.7,71.248337,0.4330138,0.5034827999999999,0.10316510000000001,0.151146,0.6403840000000001,0.08230139999999998,22.5139312324505
6.020785838272368,74.208,38.5,9.0,38.648016999999996,0.6710925999999999,0.5200794,0.1654213,0.2436167,0.4775129,0.08922949999999999,11.27513643621458
5.151529195133454,41.815,39.5,9.4,13.564814000000002,0.7297781,0.5144154000000001,0.18637309999999999,0.1036881,0.8127222,0.0562884,-21.331621423330887
3.9719712763997563,22.945,34.4,15.9,11.360137,0.6107323,0.5519257,0.1751836,0.021546700000000002,0.22751999999999997,0.7412267,24.85333333333333
4.106020819140269,37.294,46.2,12.0,13.73432,0.7166815,0.5004453,0.2510638,0.0297689,0.9345084000000001,0.0015668,-3.305914610262436
4.563196208715188,56.94,38.5,5.4,24.787769,0.7770412,0.5098789,0.19572160000000002,0.0623906,0.8897638000000001,0.0274224,-3.2726377952755907
4.018076063645795,34.278,31.6,7.5,15.526832,0.616662,0.5127917000000001,0.1582794,0.0126619,0.3557794,0.0011511,5.189448441247002
4.412309316059834,34.534,42.0,11.4,11.920013,0.7682048,0.5153723,0.2262927,0.0164467,0.947951,0.0174142,-13.153515730815371
3.571242850560224,33.164,47.0,4.5,21.728307,0.7136009,0.5270453,0.316092,0.12211489999999998,0.8446054000000001,0.0190553,-27.643585614600106
5.6143086224029926,52.058,39.1,8.0,22.345179,0.7168688,0.5165206,0.1900953,0.1637047,0.7690173,0.0401442,-0.2338118130866562
4.049334335972284,33.879,39.5,11.2,10.399668,0.8248327,0.5181279999999999,0.18720379999999998,0.0088369,0.44621980000000006,0.5323574000000001,13.183968579844684
3.7331972651065692,47.012,40.2,3.7,17.532992,0.7657038,0.5157217000000001,0.24634810000000001,0.2484288,0.7110906,0.0207024,-30.42513863216266
4.406233511374323,33.94,39.1,7.0,13.590715,0.7083077,0.5196555,0.21647470000000002,0.035436800000000004,0.672357,0.0452084,-8.84938387881642
3.6457169393696036,44.666,49.0,7.2,15.313981,0.8590841,0.4875308,0.2551384,0.0083654,0.9692516,0.0022609,-15.622880397919964
3.266231696689893,60.116,47.6,5.3,14.864865,0.8478836,0.4770195,0.21448470000000003,0.0102925,0.9653304,0.0016250999999999998,-22.318526543878658
5.108392489320873,103.301,43.5,7.0,48.138034999999995,0.8391103999999999,0.5048199999999999,0.1665512,0.052372800000000004,0.87735,0.0251891,-9.217835744727267
4.5149061964733,37.435,45.8,9.9,13.739977,0.7158207,0.5069637,0.2574475,0.024628,0.5871299,0.3653864,-3.266416109023131
5.137132476008993,49.784,31.4,4.3,13.186373000000001,0.6767581,0.5134605,0.1433797,0.527463,0.4106031,0.040808,-11.55181214905564
4.277746700027364,34.544,40.4,7.5,11.749429,0.6435029999999999,0.5290126,0.2108434,0.011289299999999999,0.8113526,0.1573644,-7.75480059084195
4.804800256870399,38.764,36.5,6.3,17.473164,0.6777306,0.4974287,0.19968229999999998,0.3452514,0.5284888000000001,0.0321018,-8.627364923115508
3.940466677663529,30.826,47.1,10.3,15.65099,0.8041510999999999,0.48707920000000005,0.2352284,0.0077991,0.9725886,0.0066521,-9.966739304966167
4.171580201932064,46.848,41.8,9.0,11.271816000000001,0.7677086999999999,0.501577,0.2228842,0.0082856,0.9691479,0.0097002,-23.462445267766924
4.6968978268979695,42.055,43.9,9.2,12.06488,0.7849553000000001,0.5096225000000001,0.2428312,0.009043,0.9753426,0.0047426000000000005,-23.670672400626984
4.62287687835687,45.466,47.5,7.2,17.095229999999997,0.8031312,0.5129202,0.30350520000000003,0.0846201,0.8490134,0.0464922,-26.84443808979125
4.731016311851432,48.001,37.3,4.2,15.373407,0.7272549,0.505051,0.1895009,0.440859,0.5222278,0.010942100000000001,-11.956380389752736
4.040285798932492,38.257,42.8,10.4,14.159765,0.7674734000000001,0.49742650000000005,0.2245098,0.036638699999999996,0.9214363999999999,0.0026431,-17.435289828654756
4.093036252945163,32.138,47.8,8.8,19.555409,0.6674808000000001,0.5307947,0.2794133,0.0705465,0.5452418000000001,0.36249899999999996,8.564048752925983
3.6568644915489172,39.474,49.1,5.3,13.303571,0.7673509,0.4988901,0.2369589,0.0260026,0.9427059999999999,0.0022035999999999996,-28.86734244160423
4.118727550427005,41.004,48.3,9.5,18.096298,0.7899818000000001,0.48554220000000003,0.2647822,0.031345099999999994,0.7477176,0.1991783,-10.651247717589774
4.661415109968617,45.397,39.9,6.9,15.341149,0.7343050999999999,0.5144718,0.19743570000000002,0.0117537,0.9460726,0.0158751,-14.248331806882115
4.110320296840297,42.004,39.9,6.3,9.7522734,0.7145090000000001,0.3522018,0.16735970000000003,0.0169873,0.8567328000000002,0.11278310000000001,-14.443065466956252
4.393276797494561,39.319,47.1,10.5,17.709991,0.7888048000000001,0.47999200000000003,0.2551831,0.025633799999999998,0.9057533999999999,0.02903,2.9555654388873167
3.440279213235588,45.933,44.9,3.1,17.02454,0.7128793999999999,0.512929,0.26892340000000003,0.0290276,0.9466618,0.0058055,-32.29317851959362
4.911913635170989,41.519,42.9,8.8,12.902842,0.7688615,0.483947,0.2181924,0.0233581,0.9435216999999999,0.0207859,-11.280958330271185
4.739382447428307,43.155,43.7,7.1,21.72991,0.7456114,0.5107883,0.2207062,0.0131934,0.9621328000000001,0.0125009,-20.163641664844377
5.117996723741836,46.66,44.7,6.8,29.78632,0.6733701,0.5248543999999999,0.23093899999999998,0.0345224,0.9063169,0.0254079,26.205808610033607
4.018617292519441,53.266,42.9,5.0,17.156794,0.7893756,0.4944116,0.2550546,0.0380341,0.9178961999999999,0.0014371,-3.2669093696110365
4.134208992932083,41.428,40.1,7.8,9.0206186,0.7638468,0.5064225,0.1974693,0.0425813,0.8980985,0.0405991,-13.523236179428823
4.946938363387819,69.865,33.9,6.4,24.355875,0.8339071,0.4877874,0.1164982,0.021932499999999997,0.9263720999999999,0.0185765,-11.583181730867015
4.728337546410023,62.924,38.9,5.5,27.823791999999997,0.7676986,0.510075,0.15477770000000002,0.0465251,0.8517140999999999,0.0643949,-1.6355751616882874
3.9683895418470683,36.125,46.0,7.5,17.557597,0.7070681999999999,0.46870029999999996,0.2363395,0.0291461,0.916111,0.0038718000000000003,15.035491503549151
4.715836275164993,48.035,40.9,15.3,14.694087,0.7259188,0.499155,0.2103605,0.14763370000000003,0.7817236999999999,0.006983499999999999,-11.812235475182762
4.602808503902597,38.216,38.8,7.9,14.018157,0.7085015,0.5117234,0.2097629,0.0322693,0.6439642,0.0863261,-5.730115550675086
3.5485122563410356,62.424,44.4,1.4,17.416377999999998,0.7830121999999999,0.4697354,0.22326929999999998,0.0107466,0.8438914000000001,0.0022624000000000003,-28.308823529411764
4.778787748972151,55.033,44.7,5.3,28.39367,0.7479205,0.5142101,0.21125039999999998,0.012048999999999999,0.9578119,0.0043436,-2.802556250832113
5.924784634794852,52.275,39.9,10.1,22.195389000000002,0.7642244,0.5220686,0.18565689999999999,0.022705700000000002,0.8391337,0.0856776,1.9139620774859747
4.736961912194411,51.441,37.0,6.3,21.707831,0.7540675,0.5216478,0.163822,0.0240054,0.7724616,0.175826,-20.179216067141887
4.566343198218278,55.154,41.1,6.4,19.102977,0.7528589,0.5078705,0.19710279999999997,0.0280387,0.9530699,0.0037186,9.087454535584387
5.038616188514491,44.32,34.3,5.9,38.99751,0.5944345,0.5007944999999999,0.14241289999999998,0.026175900000000002,0.9102462,0.0037695,10.151053532054274
4.465546424725965,39.352,42.2,8.9,16.239527,0.7759618,0.5148528,0.22831759999999998,0.0063332,0.9778165999999999,0.0026701999999999997,-12.105028927458834
3.8432327780980096,54.915,45.5,5.7,29.562184999999996,0.8125431,0.5040519,0.1763011,0.0114778,0.9469153,0.0032999,15.20803443328551
4.596201102454085,42.546,41.4,9.8,14.479056,0.7219765,0.5230643,0.1974629,0.040365899999999996,0.6677985,0.2685739,-5.278228258666126
3.56643749219507,47.375,40.2,3.0,15.396889000000002,0.7779961,0.5019964,0.2490018,0.1750339,0.8024423,0.0005427,-29.525101763907735
3.4984484031739997,56.238,46.9,1.7,21.865376,0.7480145,0.49979799999999996,0.279596,0.024753999999999998,0.9644556999999999,0.0009521000000000001,-27.451602665820374
4.435063590165067,40.764,43.7,7.2,20.036166,0.7555653,0.5007231,0.22505250000000002,0.0112005,0.9598986999999999,0.0055819,10.319121589365063
5.500011308073739,70.371,37.6,5.9,36.393258,0.7745764,0.5286945,0.140672,0.07230039999999999,0.6539166999999999,0.2156491,-3.86420268407139
4.5906858261907315,40.809,38.7,8.5,13.970332,0.7403419,0.5085374,0.2034427,0.1256737,0.8372427,0.0133193,-7.870964430529179
5.60422821374816,93.011,33.5,5.0,37.71584,0.7321405,0.5088007999999999,0.0952324,0.2026358,0.48670410000000003,0.19525279999999998,7.161655912159641
5.3680729398560105,80.427,38.6,5.9,37.472972999999996,0.7584316,0.5154380999999999,0.1486397,0.0734195,0.7783062,0.08402849999999999,-1.8458769843820297
4.265501770039226,68.862,42.4,5.7,23.16573,0.8837516,0.4940675,0.1553601,0.0211623,0.8032991,0.13424489999999997,-20.028216398068263
4.752447968653242,32.002,39.6,14.8,10.355692999999999,0.6216328000000001,0.5512853,0.18990929999999998,0.0372047,0.37770549999999997,0.5714739999999999,17.249610977507427
6.107251361368132,41.954,40.2,7.6,29.058846999999997,0.6088842,0.5352140999999999,0.20057479999999997,0.0478626,0.6139859999999999,0.2929158,18.473083034273294
4.826133136847682,78.396,44.9,5.6,45.326275,0.7605733,0.5260716999999999,0.26356799999999997,0.0451283,0.7767464,0.1292662,-7.425868166962647
4.6049924140397565,37.049,36.3,9.0,27.020740000000004,0.6458713,0.508628,0.1835405,0.050607099999999995,0.8143577,0.0181024,-0.42710635444861067
4.796726933850895,47.475,43.4,6.5,16.421048000000003,0.7425062,0.5134549,0.23048939999999998,0.0112101,0.9674555,0.0042956,-8.840343649196768
4.679055224758067,38.256,43.8,10.7,18.334273,0.7108971,0.5287924,0.2358724,0.0662912,0.6638539000000001,0.2534601,-9.462090914801399
4.87738862514732,49.636,37.1,8.5,28.534844,0.6623303,0.5213948,0.1954091,0.1205257,0.8050343000000001,0.0052253,-2.1431508030184476
4.390634881151876,32.248,39.8,8.1,8.8711627,0.6502973000000001,0.5211555,0.20940720000000002,0.0220884,0.8900867,0.0717569,-10.49505756010251
5.168927440189926,49.875,40.0,7.8,21.516688000000002,0.69194,0.5157792999999999,0.2088248,0.1160181,0.7574858,0.0875049,9.619372941319995
3.893095666096228,32.861,38.5,12.4,23.82,0.6703373,0.5284479999999999,0.25009000000000003,0.8341008,0.1453057,0.0034536000000000002,9.8362752622154
5.032223768115985,43.692,39.8,7.3,18.574731,0.644116,0.517831,0.1820755,0.0154965,0.9185624,0.0358211,6.222725668975507
5.118945568091526,43.181,32.8,5.3,24.208375,0.6108231,0.5200407,0.1746789,0.221085,0.6700911,0.06936569999999999,-17.58703024957036
5.470150189140079,76.285,42.2,5.9,36.685987,0.7681709,0.5105472,0.1642953,0.0208046,0.9416983,0.0060631999999999995,-2.6126013217127393
4.934871985811743,39.814,39.5,9.8,13.797184,0.6918969,0.5257324999999999,0.20151929999999998,0.0075516,0.9247857,0.03734,-2.903315751562609
4.139343756152375,34.431,35.4,9.5,11.550252,0.7507163,0.3760925,0.1554365,0.7424363,0.195168,0.0487557,3.3664659362983387
4.5891338357230085,40.596,40.6,8.5,15.922481,0.7284086999999999,0.48741359999999995,0.2079984,0.0205785,0.8735931,0.08226230000000001,-9.59383933860458
5.706410510570698,53.707,34.6,5.7,39.156548,0.6090453,0.5235027,0.15681520000000002,0.0717266,0.6688305999999999,0.10780710000000002,19.293999685435672
3.911104317804036,29.032,44.2,8.3,12.895204,0.6276932,0.5282929,0.2442542,0.0161983,0.558228,0.40667570000000003,-0.024542888697999754
4.078746734273607,28.029,54.5,6.3,20.608978,0.7236775,0.5011929,0.3652087,0.279613,0.6844344,0.0036703000000000005,-8.049716383049716
4.510813010512496,33.28,39.8,10.4,14.33971,0.45144490000000004,0.5460273,0.1887761,0.0375077,0.151203,0.784053,39.639111659469464
4.764161182236905,33.765,39.8,12.2,11.642141,0.7107919,0.5061482,0.1981331,0.045819099999999995,0.6036008,0.3027126,-3.2531240318083237
4.995472852179851,39.821,38.2,7.6,17.814158,0.6654808000000001,0.5217574,0.18364879999999997,0.047128699999999996,0.8850681999999999,0.0415913,-19.585097460667118
4.399587200018075,27.852,39.5,17.6,13.328354999999998,0.6990514,0.5080217,0.2659621,0.6145845999999999,0.3585176,0.0075314,-0.3227734608487747
5.739006364602543,53.67,39.8,9.4,25.240571,0.6234121,0.5234340000000001,0.1828678,0.0602242,0.8560219000000001,0.0287004,8.942976736551246
4.3819629776559985,42.927,41.0,4.3,30.320266999999998,0.6427487,0.5104505,0.20606910000000003,0.0253974,0.9274598,0.0036103999999999997,-12.665477030335726
4.450433875172564,38.673,42.3,7.3,13.602545000000001,0.7696970000000001,0.5124211,0.21901439999999997,0.0071601,0.9478945,0.0272579,-17.194810718843044
4.651723712588621,44.209,39.9,9.0,10.40748,0.7557893,0.5060045,0.19134520000000002,0.005998300000000001,0.9715471,0.008518000000000001,-10.587343352807386
2.8109042806687006,39.612,46.7,4.5,20.03643,0.7491409000000001,0.492986,0.2705411,0.018547099999999997,0.9721793,0.0015456,-49.1499227202473
5.376825054453664,80.647,38.3,5.3,40.07942,0.8276671,0.5103244,0.1431436,0.0341276,0.8571194,0.035173199999999995,0.4476433634561763
5.6922086630698505,95.236,41.3,7.1,49.01449,0.7495319,0.5175649999999999,0.18195,0.1147364,0.7506988,0.0287115,-4.865563220632328
4.133123575402619,48.009,44.1,5.6,17.394021,0.7731254,0.4914821,0.23272759999999998,0.0174431,0.9667329,0.002576,1.5971148892323546
4.302309278369985,40.53,41.6,8.3,8.8061767,0.7928964,0.5039779000000001,0.20586500000000002,0.008724299999999999,0.953886,0.020140599999999998,-10.967645445934494
4.609765105692743,32.895,41.7,10.7,9.2058392,0.7105906999999999,0.5182422000000001,0.2207007,0.0115925,0.9703801999999999,0.0028736,-12.955594852146577
4.939449360526614,51.03,41.3,7.8,29.568862,0.7498019,0.5110856,0.19217889999999999,0.021543700000000002,0.9333456,0.0117605,-6.503345365920953
5.802271431548582,56.087,34.2,10.2,35.906574,0.3208244,0.5103635999999999,0.13131679999999998,0.42230390000000007,0.30824609999999997,0.11243710000000001,15.475683703682682
5.566001210827714,55.599,36.0,7.3,26.77682,0.6969476,0.5177189,0.15419229999999998,0.0398501,0.8425908999999999,0.07188489999999999,-11.66544427240377
4.567038135497739,42.035,40.8,10.1,11.800327000000001,0.7323645999999999,0.5138819,0.21383200000000002,0.0075608,0.9656107,0.0105959,-3.986341833554646
3.7407573233077707,50.722,45.5,2.6,14.180672,0.75,0.5013092,0.2770769,0.0118074,0.9778382999999999,0.004178,-27.629427792915532
4.527681446118791,61.176,32.7,3.4,23.12182,0.8035220999999999,0.5042380999999999,0.1949953,0.08903989999999999,0.8927724,0.0030857,-34.64870638499881
3.915821787620399,28.933,41.1,11.6,8.9164992,0.6878943000000001,0.4959861,0.2198961,0.0188152,0.6048798000000001,0.3529983,5.778101480941976
3.4610480916706576,43.611,41.7,7.4,17.894191,0.7661647,0.4918112,0.243738,0.041162199999999996,0.9384296,0.0017295000000000001,-25.700449671393983
4.221857435419136,48.19,42.5,5.0,18.672945000000002,0.7063993000000001,0.5151515,0.2388408,0.028619400000000003,0.9505610000000001,0.0040799,-9.425811483770325
5.458010501491934,108.234,38.4,5.0,59.466252000000004,0.7369331,0.5190682,0.1367332,0.05827190000000001,0.5920616,0.1712036,10.42304543950398
5.1284671219297095,45.509,31.0,8.3,30.653253000000003,0.6089144000000001,0.5085791000000001,0.11618099999999999,0.13514260000000003,0.5522276999999999,0.0111218,5.168835226638695
4.102124855734526,34.928,35.1,6.6,14.613572,0.6919048000000001,0.46254799999999996,0.1949424,0.4909492999999999,0.4542724,0.0446605,-12.196664295312624
4.393540107347963,36.07,40.2,8.8,13.755134,0.740244,0.5092991,0.20947110000000002,0.0138597,0.9601584000000001,0.0038387,-22.013900113140455
3.9663294951638783,41.19,43.5,8.2,10.296833,0.7521368,0.42072299999999996,0.21949629999999998,0.05511130000000001,0.6218931999999999,0.30181540000000007,-6.332396801383186
4.292100938480419,34.223,42.0,10.6,10.57145,0.74865,0.5234806,0.2347393,0.028224400000000004,0.935334,0.026335900000000002,-22.69688153932527
2.866877814337499,39.14,50.1,4.4,24.804688,0.7760736,0.5302245,0.3333333,0.0108696,0.9796196,0.0,-36.82065217391305
5.3028696737795995,51.04,30.4,11.3,37.985675,0.5279377,0.5195337999999999,0.1273757,0.3034768,0.4990814,0.023659599999999996,9.846202868821852
4.111564935454498,35.342,38.9,10.5,13.338013,0.8209924999999999,0.5127807,0.198903,0.021192700000000002,0.6626189,0.3063655,-13.605073864954752
5.26124621060248,56.832,42.0,8.7,29.545365000000004,0.6865825,0.5053166,0.18564360000000002,0.08717589999999999,0.8170121,0.054698000000000004,8.671017518480161
4.731484006202963,65.617,39.0,6.8,18.953592,0.8542373,0.48316679999999995,0.15601900000000002,0.015495400000000001,0.9466662,0.0118025,-6.871787258522463
4.106054840093787,38.927,42.4,10.1,10.0271,0.7503819,0.5163419,0.2302071,0.009165000000000001,0.9715651,0.0037600000000000003,-6.13347955506815
4.4558646347875275,43.491,46.9,8.8,19.731073000000002,0.8331101999999999,0.49060990000000004,0.26958499999999996,0.011901799999999999,0.8535372999999999,0.0020653000000000004,-7.347638884027024
4.007406351503671,70.286,39.4,6.2,43.615573,0.5852447,0.484995,0.15215770000000003,0.0940818,0.805348,0.0652772,16.152182461659457
4.818753590497717,58.031,37.2,6.7,26.059307,0.765005,0.49882609999999994,0.1730142,0.0394961,0.9095325000000001,0.0159988,-16.15057680631451
5.194639200939921,62.374,36.2,3.9,46.321895,0.6519805000000001,0.5191165,0.14121789999999998,0.018244,0.9125044,0.0202625,20.472068734229776
5.117569563463827,48.625,34.4,5.3,25.522353,0.6794168,0.5193774,0.1767257,0.0374323,0.838874,0.08767260000000002,10.115188038752002
4.789876721137764,45.168,44.3,5.9,26.913359000000003,0.6983913,0.5128015,0.2061294,0.0110477,0.9631258,0.0051102,10.14405762304922
3.534406899137877,43.882,49.2,3.3,16.627726000000003,0.7847268000000001,0.4910648,0.2997022,0.013146399999999999,0.9766287,0.00029210000000000005,-27.373648846041483
4.443810401121398,48.055,49.4,9.2,28.671132,0.7745456999999999,0.5113832,0.2750011,0.024149700000000003,0.9531402,0.0050027,4.423249955011697
4.240349526742219,44.979,40.6,7.7,13.883436999999999,0.7314911000000001,0.5131066,0.20947649999999998,0.010924600000000001,0.9682038000000001,0.0074172,-13.868445262189512
3.9701608430373136,46.295,45.6,5.1,16.981707,0.7522523,0.5168524,0.271727,0.0183162,0.9658312,0.0023565,-0.04284490145672665
4.153631965002216,50.129,42.4,9.4,8.769434,0.8108305,0.49667120000000003,0.21614229999999998,0.050337,0.9334456,0.0037209000000000005,-7.575119348497613
4.22125770712091,41.968,44.7,7.5,15.701991,0.7561656,0.4859907,0.2369969,0.009012299999999999,0.9607665999999999,0.0173035,9.360730593607306
5.066840064159679,41.889,42.8,8.4,19.952376,0.7307609,0.5177718,0.2358192,0.010699799999999999,0.9103037,0.056756799999999996,-1.0476860028464137
4.139438274158168,35.162,49.3,15.6,19.741195,0.7042578,0.4815374,0.24578379999999997,0.06956330000000001,0.8354853000000001,0.0032641999999999997,-0.39895546206296245
4.060999853218289,31.94,40.3,10.2,11.297179,0.7019045,0.5207885,0.23122240000000002,0.1317344,0.5801182,0.27519990000000005,-5.8307264511644075
4.065878352857392,32.013,44.7,9.6,8.621721899999999,0.7765713000000001,0.5039387,0.22175460000000002,0.0140918,0.9681216,0.0024918,-5.533596837944664
4.077258863692948,46.323,42.0,8.3,16.250151000000002,0.7426176999999999,0.5165071,0.22927199999999998,0.0132251,0.9624174000000001,0.0061103,-15.778019586507073
4.371585011499013,36.023,41.8,10.9,13.080354,0.7940794,0.506919,0.22637670000000004,0.014620900000000001,0.957625,0.0053128,-9.176300578034683
4.794202140792856,47.318,40.9,7.8,26.521383,0.7264419,0.5217906,0.20301729999999998,0.030855,0.9273198,0.0153873,0.7195746799659487
3.875986771428488,44.796,40.3,8.2,18.221516,0.7253233,0.5196235,0.1930385,0.0109101,0.9686003000000001,0.004390600000000001,-13.358169238956892
4.3893787479525095,34.992,39.4,7.8,14.037923999999999,0.6873474,0.5247021,0.20596420000000004,0.0176648,0.9109415999999999,0.049363599999999994,-17.407800261096607
3.61689542640076,34.601,42.7,4.9,16.999312,0.7171893,0.5160257,0.2589744,0.2147862,0.7098333,0.0524281,-21.116211645324956
3.7515870050823104,41.905,45.3,4.0,19.613191,0.7143448,0.5091414000000001,0.27470490000000003,0.0106308,0.8284904000000001,0.0010630999999999998,-20.69454287739192
4.703170962956449,53.998,41.8,7.5,19.777070000000002,0.784666,0.5124118,0.224636,0.047577499999999995,0.9209086999999999,0.015093299999999999,1.4895218476409302
3.3506356082589543,31.608,50.4,6.3,18.656229999999997,0.7444668000000001,0.5085968,0.333888,0.352364,0.6355932,0.004906300000000001,-21.9892952720785
4.124927879110533,28.069,39.1,16.7,9.6425788,0.7805613,0.5060657000000001,0.1697406,0.0071252,0.9829745999999999,0.00135,-14.685367134178355
5.494587280916621,118.934,34.8,4.2,57.867263,0.7781762,0.5124564,0.0941778,0.12351789999999999,0.6238813,0.0702313,2.275296099080724
4.340523430789915,47.445,30.7,4.2,13.181926,0.6574962,0.49050649999999996,0.141362,0.5269357,0.38212199999999996,0.0131026,-13.714390065741418
4.436544276662768,36.73,42.4,10.5,10.383075,0.7952281999999999,0.5290763,0.217558,0.0043551,0.9741619,0.0062582,-7.20245937637242
4.135609636028679,50.11,42.2,3.7,23.932992000000002,0.7057872,0.5201282,0.2346564,0.0406147,0.9312110999999998,0.0109038,-25.334796926454445
5.295490129563044,55.386,39.2,7.6,31.636033,0.7031427,0.5291107,0.1816275,0.0176234,0.8253969000000001,0.11721569999999999,-4.137442078342998
2.8615344108590377,52.645,49.2,1.2,22.671353,0.8527607,0.4698795,0.23235799999999998,0.016506200000000002,0.9724896999999999,0.0,-35.488308115543326
5.645598113184611,40.197,29.6,15.9,13.293363000000001,0.5875322,0.5040445,0.1401721,0.6062364,0.325513,0.012431600000000001,-2.938855079051696
4.453578227278419,51.448,40.7,6.1,18.570823999999998,0.7559288000000001,0.5107572,0.20781660000000002,0.23369810000000002,0.6565436,0.0922687,-24.661294295668085
4.60192968343623,41.538,39.4,8.9,18.31302,0.6834077,0.5197468,0.20370429999999998,0.0061268,0.9683905,0.0117035,-13.746623987196159
4.448876295154121,40.817,40.3,6.2,14.609141000000001,0.7049949000000001,0.516888,0.21736239999999998,0.1773327,0.7811176999999999,0.0212372,-19.856995482195583
5.28503494151255,44.307,35.9,6.0,19.786963,0.6964296,0.5193939999999999,0.1692173,0.0256526,0.6935954000000001,0.2463583,-12.184076195219124
5.483164920323509,57.951,38.5,7.3,38.236048,0.5748628,0.5235638,0.17372200000000002,0.049036199999999995,0.7598585,0.1196434,12.774979947666697
4.800827012337371,49.964,41.7,7.7,17.028287,0.7340734,0.4834766,0.19453299999999998,0.022874000000000002,0.9332448,0.0274298,0.541002277904328
5.401870771807764,41.207,36.0,10.8,18.111461,0.6321208,0.48852120000000004,0.1667857,0.1700499,0.44595740000000006,0.3349546,0.5597111066186234
4.38519501831988,39.998,40.8,11.1,8.446555199999999,0.7017183000000001,0.5176337000000001,0.2190801,0.0091856,0.9635457000000001,0.0130988,-6.141615520863368
4.442526802021039,58.326,39.8,7.0,21.921012,0.8283138000000001,0.49484290000000003,0.19253299999999998,0.052124300000000005,0.9273725,0.0031766,-3.4689383821246795
4.422359993600072,40.024,34.6,4.8,20.65685,0.6128623000000001,0.5092379,0.1751881,0.20940789999999998,0.6580579000000001,0.07252510000000001,-15.159192316418363
4.8544153609177725,32.886,32.4,19.7,10.326400999999999,0.7520091999999999,0.5043390999999999,0.1692251,0.057510000000000006,0.203697,0.0021953000000000003,12.07388349786068
4.109409790546366,36.322,30.5,12.7,14.147820999999999,0.6393607,0.5118064,0.1500523,0.0396424,0.3037699,0.0023319000000000005,9.133307423241353
5.127648945932786,29.965,34.4,12.6,12.913339,0.6528741,0.5237223,0.1534797,0.0814799,0.26951290000000006,0.2410933,5.1159740027428295
4.23200448297183,65.038,38.9,7.6,15.643667,0.8389293999999999,0.5009073,0.13790929999999998,0.014008600000000001,0.9541059000000001,0.015005000000000001,-18.621417267452085
4.663125881873513,33.445,43.0,8.0,10.410776,0.7591028000000001,0.5042506,0.2132685,0.0087317,0.928843,0.0455483,-6.377201937487782
4.414471949629303,41.337,46.8,7.4,16.922185,0.7686406,0.5100922999999999,0.2940215,0.0199076,0.9585676,0.0025799,-23.38467462456681
4.742481606821493,60.577,34.3,13.9,18.377242000000003,0.6502230999999999,0.5040941,0.13672420000000002,0.5642585,0.3827462,0.006423100000000001,4.6409379579872985
4.094785467819558,48.963,43.7,5.1,14.891644,0.810146,0.5013824,0.2526585,0.0216255,0.9685665999999999,0.0023314,5.756089717822976
4.280031744138702,32.409,51.5,7.9,11.510345,0.8153628,0.5022088,0.31602529999999995,0.0152708,0.9609046999999998,0.0029387,-16.49874055415617
4.653771910684735,41.726,36.4,9.1,12.719631,0.6977616999999999,0.5100185,0.1768468,0.11281019999999999,0.7854099,0.0762795,-12.914465799636025
4.27081853307892,31.032,39.0,7.8,15.050113,0.7446808000000001,0.5109342,0.1978547,0.0170991,0.9411449000000001,0.0268546,-22.411020583190396
4.187153953785416,47.376,46.5,8.9,15.842294,0.7796738000000001,0.5050712,0.2668085,0.028400599999999998,0.948593,0.0079288,0.695392214206798
3.925621454790829,37.311,41.8,9.9,9.671818,0.7596297,0.5147653,0.2336027,0.015309799999999998,0.9412531999999999,0.022549299999999998,-2.1243769285544745
3.6265456590271294,33.925,31.4,15.4,11.535402000000001,0.7109255999999999,0.5169997000000001,0.168945,0.0420605,0.1056238,0.0044896,23.91304347826087
4.871099857371434,56.377,38.2,8.5,12.485185000000001,0.8082246,0.5097954,0.1492185,0.013966800000000001,0.9602928,0.006351,-15.251819857640712
4.521111920597796,48.387,40.6,7.1,15.77481,0.8007645,0.49910119999999997,0.2127192,0.0121092,0.9691548000000001,0.0036749,-12.066991987469125
4.458577421241789,33.021,41.3,8.9,25.859911999999998,0.7123863,0.5130212000000001,0.2252038,0.0347179,0.6807208,0.0030613000000000003,-4.762401725457455
5.590943210321483,72.656,42.0,6.1,39.435908000000005,0.7681625,0.5156326,0.18808370000000002,0.0413526,0.9056735999999999,0.0121213,-21.531658848242202
4.456396402310686,48.452,35.0,10.3,12.352656,0.7200840999999999,0.5020435000000001,0.1430495,0.0300329,0.9057059000000001,0.031431400000000005,-8.68470736312146
3.6971421262754594,35.217,45.1,5.8,14.318117,0.7767354999999999,0.5137470000000001,0.28174920000000003,0.0072304000000000005,0.9771038000000001,0.0018076000000000001,-21.81160875677847
4.330028013516616,44.736,38.4,7.0,15.184444000000001,0.7114345000000001,0.4950987,0.20585610000000001,0.46405690000000005,0.45807020000000004,0.0242739,-7.646976287357934
5.479079842696085,49.758,40.0,8.1,21.202297,0.7288474,0.5147288,0.18811660000000002,0.0839207,0.8015205,0.080599,6.642310091718764
4.320561680195237,37.774,50.8,11.5,16.670876,0.7292346,0.5044258,0.30182859999999995,0.0801625,0.8460325000000001,0.0032027,5.736137667304015
3.866582677063549,25.321,40.9,12.8,11.28737,0.7141925,0.5183462000000001,0.20494,0.0055744,0.9845003000000001,0.0013595999999999999,-7.69544527532291
4.718783930068115,43.803,29.6,6.9,17.847425,0.5580485,0.4875469,0.130321,0.0721328,0.7221692,0.1391065,-17.145641456796728
4.2195059374728565,44.198,41.3,6.6,17.682008,0.7773666,0.5074053,0.21799699999999997,0.020269,0.7972491999999999,0.0069976,-14.568377872956505
4.935149404873163,42.821,37.8,8.0,17.289887,0.6940703,0.5116984,0.18545820000000002,0.1364349,0.7476344,0.08099479999999999,-16.623901357266426
4.625322742178175,37.255,37.1,6.9,15.486435,0.690224,0.5137345999999999,0.19744089999999997,0.0721784,0.8696712999999999,0.029477999999999997,-11.701144522641643
4.950958438752731,67.299,38.4,5.7,38.675387,0.6668144,0.5145263,0.14804089999999998,0.049528699999999995,0.8411700999999999,0.057623,-7.2165871789704665
4.039770926931579,48.066,51.0,6.2,28.771513,0.804588,0.5044575,0.30006520000000003,0.015147399999999998,0.7851081,0.1784834,-11.397025276028835
4.542763202661932,47.48,37.1,12.5,13.519504000000001,0.6551998,0.33137540000000004,0.12145999999999998,0.1752973,0.6668576999999999,0.0799541,-12.0848259062903
4.827982797462054,45.038,39.5,8.0,19.958857000000002,0.6943994000000001,0.5284167,0.1975009,0.020046099999999997,0.9436065,0.0176833,-4.489189389999257
3.753659647285999,42.202,43.5,3.8,15.663523999999999,0.740638,0.43014540000000007,0.232922,0.04232059999999999,0.9109504,0.0285664,-25.780285663904074
3.9524049395770247,52.584,49.1,4.1,17.408607999999997,0.8103669,0.4931202,0.26977070000000003,0.0123856,0.9054899,0.0006695000000000001,-16.402588707877705
4.908249041728388,43.346,38.4,9.4,16.762235,0.720494,0.5258487,0.170949,0.0482855,0.8019046999999999,0.1244627,-10.967686150501507
3.771954748963949,34.852,39.4,6.7,17.481056,0.7324132,0.49859490000000006,0.2185012,0.46373630000000005,0.5044801,0.019104,-15.435333896872358
3.4815859363676225,38.582,31.5,7.1,15.168229,0.6606426,0.49508359999999996,0.2000983,0.0125371,0.426262,0.0016495999999999998,-7.7532167601451665
4.33685982091681,34.023,41.2,9.7,8.0937027,0.7911875,0.5072662,0.19565220000000003,0.0044199,0.9867864,0.0008287,-9.815837937384899
4.297015993577781,45.402,40.9,5.4,12.932789999999999,0.7780686,0.47082840000000004,0.2163177,0.1359507,0.6891401,0.159669,-19.156237383932176
4.83847757862708,41.796,44.5,8.5,14.330898000000001,0.7546408,0.5111045999999999,0.2317176,0.0053089,0.9765742000000001,0.007832800000000001,-15.284083491681292
5.285699050395075,45.813,42.4,6.2,24.314678,0.6862626000000001,0.5277345,0.210756,0.0093855,0.8855607,0.0722562,-4.582442000797667
4.594005601788341,45.155,40.8,6.2,20.764966,0.6824703000000001,0.5115447,0.2296911,0.028244,0.8871769,0.0028524,-8.95453966636954
3.871864702088195,37.177,50.0,13.5,17.458303,0.7171838,0.5039069,0.2926018,0.0278039,0.9336466999999998,0.0014775,-27.051712558764272
4.166282067316571,42.911,45.2,7.8,13.098069,0.7636623,0.5228449000000001,0.265,0.010773999999999999,0.9756563,0.002523,-17.333787930446643
2.9854264740830017,43.003,47.7,3.6,17.605634,0.6980675999999999,0.4758064,0.25672039999999996,0.034126199999999995,0.9596690999999999,0.0,-43.743536711478804
5.519623262931497,67.811,37.1,5.8,26.160695999999998,0.818778,0.5042665,0.13165970000000002,0.036331300000000004,0.8521509,0.0431684,-1.4565777224311156
4.722814840879233,44.265,45.9,7.6,18.350168,0.8075637,0.4717625,0.23440860000000002,0.034379599999999996,0.9198818999999999,0.0295899,-8.316610503199424
4.7173375827238635,41.875,36.3,5.7,12.867799,0.7963156,0.5143399999999999,0.15853499999999998,0.020533000000000003,0.6486005,0.30590490000000004,-11.951687116564417
4.875564753023147,38.67,40.9,8.1,16.149441,0.6917091999999999,0.4835629,0.217678,0.0144499,0.8815774,0.07936130000000001,-12.195186916510181
4.552108260147983,44.303,36.6,7.2,15.703362,0.7828863,0.49387309999999995,0.1753481,0.0281315,0.8058002,0.1289336,-23.234419700454367
6.992049788821745,52.929,34.8,10.9,29.460269,0.4765973,0.5130377,0.14369500000000002,0.47744960000000003,0.27787259999999997,0.08301439999999999,9.905317506916715
4.507963757544579,36.235,43.1,8.8,14.255189000000001,0.7145431,0.5211251,0.22933579999999998,0.0163624,0.9513785,0.019560400000000002,-13.06197218082464
4.1938200260161125,50.802,41.9,7.6,18.702647,0.7411230999999999,0.3174247,0.123189,0.016064,0.512128,0.46303999999999995,-5.2224
4.894902849959432,56.459,43.2,8.3,30.751651000000003,0.7094302,0.5088085999999999,0.2320935,0.0547092,0.8306244,0.020902900000000002,2.32975823503936
5.129119264343804,39.837,37.1,10.4,26.388858000000003,0.5500526,0.5004835,0.1647887,0.0981333,0.7722157,0.0103474,8.991034221492614
4.574447990435435,37.565,22.6,5.1,31.881629999999998,0.48242390000000007,0.5268461,0.07528430000000001,0.0590899,0.9116049,0.004742100000000001,-33.60240835464621
5.1591098003720655,64.385,36.3,4.4,40.442799,0.750035,0.5186721,0.16819720000000002,0.042156599999999995,0.8343132,0.046801300000000004,1.7372857855914814
5.627258293932655,60.683,33.6,8.0,31.541408,0.5265651,0.5011355,0.16694289999999998,0.4286132,0.47918,0.017084400000000003,5.940857995494167
4.893567589578528,47.799,40.4,9.8,19.296884,0.7603731,0.510839,0.17330720000000002,0.0669265,0.857842,0.054545500000000004,-18.148597712898486
4.152074202768228,40.232,40.2,7.6,10.470284,0.7563668,0.5093363000000001,0.2046589,0.028253399999999998,0.9227084000000001,0.031071699999999997,-15.34559289790742
5.264491979941679,57.346,41.5,6.6,29.666227000000003,0.7584403000000001,0.515295,0.1953281,0.0105568,0.9586483,0.0106275,-16.87733191197746
4.243905770217522,35.816,48.1,9.9,16.204658,0.7738019,0.5075512,0.2515173,0.0096379,0.9633875,0.0029655000000000003,-2.3324779013401766
4.221857435419136,51.885,48.1,5.8,27.093088,0.7787927,0.5107887,0.2761905,0.010679799999999998,0.9752805,0.0017399999999999998,-10.937781244375113
4.220683277974345,39.771,40.4,7.7,17.125159,0.727106,0.5138206,0.2232251,0.17988210000000002,0.5908434,0.2111058,-9.770184093370233
3.952598734529773,47.12,43.5,3.6,20.0,0.7089890999999999,0.4947161,0.2262928,0.0198528,0.9454606,0.0027883,-20.131608298014722
3.8455940931600243,40.554,50.5,10.3,22.277607,0.7143313,0.5094041,0.2858147,0.022260299999999997,0.9453482,0.00371,-22.031963470319635
3.9878002857518724,31.43,48.9,8.0,11.241703999999999,0.8025751,0.5016723,0.2931567,0.013164700000000001,0.9654427999999999,0.0011312999999999998,-18.70821762830402
3.440279213235588,47.799,43.1,3.0,19.151251000000002,0.7063356,0.49768729999999994,0.2419056,0.0126996,0.9749636999999999,0.0,-22.641509433962263
3.756864224060549,42.043,45.4,2.7,21.01834,0.6458498,0.5148382,0.267536,0.0166287,0.8998775,0.0019254,-37.12585331699633
4.647793595035238,42.655,33.2,7.2,28.033441999999997,0.7038466,0.5062999,0.1726165,0.0152108,0.7440259,0.0056478000000000006,4.907519913595248
3.984797257089293,47.22,40.9,4.0,23.914058999999998,0.7191608,0.5137565,0.24453089999999997,0.054370299999999996,0.9125931999999999,0.010356299999999999,-18.185584092792045
3.7166709755601355,42.224,32.0,9.4,12.053422,0.7126099,0.47734399999999994,0.1632944,0.28341009999999994,0.6925883,0.0034561999999999996,-13.671274961597542
4.970295725045532,69.214,43.3,6.3,34.781644,0.857197,0.516471,0.20930700000000002,0.0107186,0.9612053,0.012710299999999999,-11.5741682639283
4.7207049307178535,53.542,35.6,8.4,13.166523999999999,0.7899079999999999,0.5075582000000001,0.1510307,0.019632499999999997,0.9390860999999999,0.018319799999999997,-12.549937221778336
5.136314613296712,61.268,33.5,3.6,22.936948,0.6882092,0.5169162,0.15213959999999999,0.3769946,0.5320444999999999,0.0633804,-19.89376936115495
5.71553957025504,54.748,38.2,6.7,23.537514,0.6854423000000001,0.5186973,0.1992162,0.0864962,0.8489234,0.030969599999999996,-8.134836219426504
3.999130541287371,53.563,40.1,7.8,19.459791,0.8214966,0.5027617,0.1728412,0.0215431,0.8119239,0.1301603,-15.420841683366733
4.367355921026019,50.174,41.2,6.5,16.630793,0.8104839,0.4934983,0.22065589999999996,0.0329185,0.954206,0.0029185,-8.343347639484978
4.006423252507643,40.759,39.5,5.7,15.718241,0.6884646,0.4975925,0.2418489,0.012415,0.6146418,0.0010839,4.128485565080304
4.745839600836956,54.54,38.5,7.8,15.932853,0.7417958,0.4696175,0.1682142,0.010556900000000001,0.9382563,0.0336816,-7.860246328413947
4.611479015031391,39.72,45.8,10.2,21.517059,0.7460234,0.49907890000000005,0.2188466,0.0222864,0.9444431000000001,0.0012476,-11.906451060498568
4.624178925748022,38.771,37.9,9.1,12.501347,0.6828615,0.5170475999999999,0.1915556,0.0214065,0.9542884,0.0055119999999999995,-12.040864813494892
3.048053173115609,48.621,44.3,9.3,21.561772,0.7679672,0.4789053,0.2029646,0.0671441,0.9024171999999999,0.0017905000000000002,-21.754700089525514
4.661216185615503,40.08,41.2,5.6,14.979820000000002,0.739618,0.49293050000000005,0.22499090000000002,0.0389642,0.7190479000000001,0.0326592,-13.028775879747801
4.519237161496983,40.162,46.4,7.6,16.147955,0.7106766999999999,0.4955415,0.23874189999999998,0.0121313,0.9620633,0.0042656000000000005,8.316442293147784
3.6097011023793995,55.098,45.7,3.5,23.956506,0.8014935000000001,0.4970911,0.28539109999999995,0.0142471,0.9700319,0.0012282,-15.770081061164333
5.119127165911494,57.376,37.9,8.2,28.132761,0.810008,0.5196573,0.1647269,0.3506282,0.47464670000000003,0.0187138,2.0576006567295777
2.7315887651867388,41.244,43.6,3.3,24.912281,0.7109005,0.48969070000000003,0.25,0.0037106,0.9795918,0.0037106,-36.36363636363637
4.109780968013576,32.591,42.3,10.2,7.9361585,0.7930594,0.4537,0.1955876,0.0198043,0.9269959000000001,0.0364244,-13.630009319664492
3.404491617758686,40.744,46.4,3.5,15.232163,0.7960710999999999,0.4976816,0.30139099999999996,0.0200946,0.9657209999999999,0.0063042,-18.912529550827422
4.652246341003323,36.597,47.0,15.3,23.078595,0.647475,0.506676,0.2468587,0.10278399999999999,0.7947215999999999,0.012294,-6.089086859688196
3.5096057046115563,52.95,38.9,3.9,19.014085,0.6920000000000001,0.5173729,0.2322034,0.1927003,0.762759,0.0043303000000000005,-26.909990720692853
4.319605679131232,40.702,43.6,5.7,16.437684,0.7610609,0.511065,0.2539922,0.26118620000000004,0.5986394,0.12628150000000002,-19.119478777426462
4.334514065640564,39.938,40.5,7.3,13.757122,0.7358840999999999,0.509683,0.21265570000000003,0.0196269,0.8924686,0.0053696,-11.466000092579735
4.438447410654374,31.37,48.1,12.5,15.602976000000002,0.7981792,0.5198357,0.28361240000000004,0.0250692,0.9233713,0.0119152,-21.35986007870573
4.7087352461451,28.444,35.3,14.0,18.455044,0.5726658,0.5518478,0.17105979999999998,0.0103448,0.26700820000000003,0.7107965,14.310577468369283
5.36180524683013,55.149,42.3,6.7,24.780089,0.7576255999999999,0.519571,0.2064911,0.034015699999999996,0.9085075999999999,0.0311075,-0.8394155824396521
4.062393937253195,26.021,36.3,15.4,11.142935000000001,0.7623693,0.5333888000000001,0.1844106,0.0079688,0.2696405,0.7145085,31.139021221307924
4.3196264841556395,42.241,49.2,9.9,11.810975,0.8311793,0.45766009999999996,0.2806807,0.037509,0.9108023999999999,0.0292695,4.2826347305389225
4.862113482193648,41.823,41.9,12.6,14.371648,0.6779804,0.48495790000000005,0.20761129999999997,0.0861574,0.8143467,0.0104675,5.424674093712653
4.713280485299326,35.613,40.7,10.2,19.033387,0.638834,0.521293,0.22734050000000003,0.04826319999999999,0.9111369,0.0078374,-19.83744557329463
3.707910665713106,41.99,42.9,7.6,15.103874,0.8175803,0.5151899000000001,0.2443038,0.0162618,0.9612069,0.0068574,-21.25783699059561
4.720812322002147,42.563,42.1,6.4,12.537836,0.7820123000000001,0.5141877,0.23659499999999997,0.0921851,0.8575096999999999,0.026683699999999998,-24.167443275832557
4.650045118348207,45.79,39.1,6.7,16.635345,0.7138581999999999,0.49513679999999993,0.1885586,0.03718130000000001,0.9236004000000001,0.0106328,-0.2954804915720905
5.1895661050882325,54.654,39.8,7.8,28.64207,0.6476799,0.5251808000000001,0.1936201,0.05704890000000001,0.7717399,0.08743139999999999,5.925921138521396
3.7896512087934098,32.51,43.2,10.3,12.240464,0.7570023,0.5288056999999999,0.23633310000000002,0.0157442,0.6390197,0.3207272,-2.8079857166044473
4.2545239086857,33.87,41.9,10.1,10.992131,0.7328401,0.5191332000000001,0.24358600000000002,0.0157493,0.958651,0.007123399999999999,-9.232567199065057
4.385177128818429,60.034,39.3,3.9,27.475937,0.7965903,0.5169216,0.22341839999999996,0.0098451,0.9663454,0.0076619,1.347009391992091
4.564038428178439,37.818,39.0,9.0,13.261285,0.7143353,0.514737,0.2057081,0.0583677,0.8981363000000001,0.0193467,-14.857969274429012
3.215108581053093,41.149,46.6,4.5,18.561873000000002,0.7461858,0.5152941,0.31607840000000004,0.09262639999999998,0.8854357,0.0054845,-36.01462522851919
3.67089495352021,29.659,40.1,10.0,9.2302779,0.6778029000000001,0.426623,0.1985816,0.7958182,0.16065710000000002,0.0140815,18.561979944527415
3.9586116577648793,33.011,38.8,7.4,10.960758,0.765265,0.5302449,0.2044851,0.011109899999999999,0.5835441,0.3944561,-2.5299747002529975
4.3915701954182165,42.261,40.9,7.3,11.151122,0.7611861999999999,0.504887,0.220798,0.0252882,0.9572983,0.0054392,-17.405422958272446
4.417488300705328,25.662,32.8,12.8,17.345699,0.5552267,0.5586628,0.17233729999999997,0.011204200000000001,0.2263011,0.7532408,18.385530190050094
